trajectory_id,distwall,zone_area_mean,zone_area_min,zone_area_max,pct_small_zone,pct_large_zone,passage_width_mean,n_points,duration,speed_track,nb_items,nb_stops,length,curvature,avg_observation_time,stop_intensity,H2_min_width,H2_pct_narrow,H3_mean_connectivity,H3_pct_low_connectivity,H4_mean_depth,H4_max_depth,H5_pct_corridor,H5_mean_aspect_ratio,H6_mean_exhibit_density,H7_pct_start,H7_pct_mid,H7_pct_end,H7_mean_t_norm,H8_n_returns,H8_pct_path_revisit,H9_width_std,H9_width_range,H10_mean_dist_to_exit,H10_mean_path_remaining,H11_mean_dist_to_staircase,H11_min_dist_to_staircase,H11_pct_near_staircase,H12_n_turns,H12_turns_per_length,H12_turns_per_minute,passation_hour,visitor_id,age,gender,city_country_residence,nationality,french_level,diploma,one_artwork_interest,discovery_interest,crowd_tolerance,lose_interest_with_crowd,distance_tolerance,already_visited,number_visits,last_time_visited,group_or_alone,visit_duration,eye_problem,physical_sleepiness,mental_sleepiness,speed_pre,current_emotion,motiv_curiosity,motiv_else,motiv_familyOut,motiv_price,motiv_schoolOut,motiv_weather,visitGoal_surprised,visitGoal_else,visitGoal_explore,visitGoal_inspiration,visitGoal_fun,visitGoal_interact,visitGoal_learn,visitGoal_noGoal,visitGoal_SeeAgain,visitGoal_mindOff,passation_hour_post,art_knowledge,art_involvement,visit_rate,taking_audioguide,application_interest,appli_knowledge,satisfaction,goals_reached,device_trouble,crowd_trouble,dist_sensation,multiple_paths,recsys_personalization,diversity,theme_path,geolocalisation_acceptance,context_dependence,mood_dependence,sleepiness_dependence,end_visit_physical_sleepiness,end_visit_mental_sleepiness,panel_interest,memory_test_fr,surprise_event_fr,comments_fr,memory_test_en,surprise_event_en,comments_en,musHabit_archeo,musHabit_histArt,musHabit_castle,musHabit_contemporary,musHabit_else,musHabit_fineArt,musHabit_natHist,musHabit_nature,musHabit_none,musDisco_else,musDisco_familyFriends,musDisco_magazine,musDisco_media,musDisco_nothing,musDisco_socNetwork,wantedFunc_catalog,wantedFunc_else,wantedFunc_games,wantedFunc_map,wantedFunc_nothing,wantedFunc_reco,wantedFunc_thematicTour,visit_duration_limited,gender_code
201902181020,186.9480682976089,1198047.3060621133,323760.68074737914,3300738.02835025,0.3258706467661691,0.2587064676616915,3.1578611228378417,402,3704.0,17.244834308869148,116.0,56,63729.78957966487,0.0387827998289052,11.438786285714285,0.9071274297909212,0.2282562719074999,0.2736318407960199,5.689054726368159,0.0,0.3900658795093395,0.9999999999999633,0.0323383084577114,1.458202470939133,19.462756629820777,0.9601990049751244,0.0,0.0398009950248756,0.1394445160805046,6,0.965174129353234,1.734487131513473,9.763157197062148,4389.424903711223,16532.799701673524,1018.790344581149,63.29823860091911,0.1791044776119403,52,0.0019184031040007,0.842332613377284,2019/02/18 11:45:19 AM UTC+2,201902181020,27,man,"Nancy, France",senegalese,Advanced,"Master's Degree, MS/MSc",3,4,3,2,3,Yes,2,A few weeks ago,alone,60,Normal vision,2,1,3,4,1,0,0,0,0,0,1,0,1,1,0,0,0,0,1,0,2019/02/18 12:54:57 PM UTC+2,Low level,No involvement,rarely or never,No,Yes,Yes but I did not use it during the visit,3,3,3,2,4,4,3,4,4,2,3,4,2,4,3,4,"la culture japonaise, le ying et le yang, l'histoire de jonas, oeuvre la misère ou le pauvre, les arts graphiques","l'art japonaise, l'armoire au 1er étage, le sabre, les dragons",Rien,"japanese culture, ying and yang, the story of Jonas, working for the poor, graphic arts","japanese art, the cupboard on the 1st floor, the sword, the dragons",Nothing,0,0,0,0,0,0,0,0,1,0,0,0,0,0,1,1,0,1,1,0,1,1,1,1.0
201902181200,167.64951226778817,1677845.4319034752,282555.01348953205,3300738.02835025,0.1123417721518987,0.555379746835443,3.4438660208133176,632,2948.0,32.33411159824665,95.0,42,95257.54412785216,0.1749055236637031,16.366055653846153,0.8548168249486808,0.6069157056387837,0.1661392405063291,5.960443037974684,0.0,0.4493879766367483,0.9999999999999756,0.0806962025316455,1.5609951222511578,9.893717036369337,0.7436708860759493,0.0,0.2563291139240506,0.3606414131872284,12,0.9794303797468354,1.6927675070184156,10.114840776893148,3647.049749149259,22362.425910461265,1195.8870234310182,63.54781881395638,0.0569620253164556,83,0.0020436422292524,1.6892808683509646,2019/02/18 1:05:25 PM UTC+2,201902181200,23,woman,"Nancy, France",french,Native/bilingual,"BA, BS/BSc",1,4,2,2,4,Yes,2,Several years ago,group,unlimited,Normal vision,1,1,4,5,1,0,0,0,0,0,0,0,1,0,0,0,1,0,0,0,2019/02/18 2:20:03 PM UTC+2,Low level,No involvement,A few times a year,No,Yes,No,5,5,1,1,2,0,0,0,0,0,4,2,2,1,1,4,Les pupitres exposés dans la première salle du RDC datent des années 30,Certains visages m'ont marqué sur les tableaux au 1er étage (visages bizarres et peu communs),Rien,The desks on display in the first room on the ground floor date from the 1930s.,"Some of the faces on the paintings on the 1st floor stood out for me (strange, unusual faces).",Nothing,0,0,0,1,0,0,0,1,0,0,1,0,0,0,1,1,0,0,1,0,0,1,0,0.0
201902181210,171.2666852720773,1667628.3036753957,282555.01348953205,3300738.02835025,0.1125198098256735,0.5404120443740095,3.5110856956165137,631,2948.0,32.79373720971958,96.0,39,96566.81895780108,0.1445223443731352,16.362285629629625,0.7937584803094894,0.6172807393154698,0.1410459587955626,5.985736925515056,0.0,0.4476260466870037,0.9999999999999756,0.0887480190174326,1.5732689632645007,10.324374929116532,0.7448494453248812,0.0,0.2551505546751189,0.359801267398779,14,0.9793977812995246,1.7715398140635097,10.104169855417906,3633.978723229565,22431.49394954909,1189.2732192885865,65.43279580406734,0.0697305863708399,78,0.0019207444878756,1.5875169606189787,2019/02/18 1:07:35 PM UTC+2,201902181210,21,man,"Nancy, France",french,Native/bilingual,"Youth Training, BTEC First Diploma, NVQ Level 1-2",1,5,5,1,5,Yes,2,Several years ago,group,unlimited,Normal vision,1,1,3,4,1,0,0,0,0,0,0,0,1,0,0,0,0,0,0,0,2019/02/18 2:11:02 PM UTC+2,Low level,No involvement,A few times a year,No,Yes,No,5,5,1,1,1,4,4,4,5,5,4,2,1,1,1,3,Rien,la toussaint sur l'écran,Rien,Nothing,toussaint on the screen,Nothing,0,0,0,0,0,0,1,1,0,0,0,0,0,0,1,0,0,1,0,0,1,0,0,1.0
201902181410,166.74566364087696,1323993.2244573869,282555.01348953205,3300738.02835025,0.286634460547504,0.3526570048309179,3.1361292864495742,621,3696.0,24.98819984089513,237.0,79,92159.27819107928,0.0298003360989065,9.13915685074627,1.2824675324467132,0.6058875069313872,0.2415458937198067,5.526570048309178,0.0,0.4706344477387853,0.9999999999999716,0.109500805152979,1.547690577794902,18.346003413815392,0.8357487922705314,0.0,0.1642512077294686,0.2768942008072443,11,0.9774557165861514,1.7340077360177544,9.866461334666052,3941.534311192896,18644.253498798767,1119.5355835787343,30.75252097135437,0.1046698872785829,82,0.0023282227571199,1.3311688311472214,2019/02/18 3:10:11 PM UTC+2,201902181410,75,woman,"Nancy, France",french,Native/bilingual,PhD,4,4,4,2,4,Yes,50,A few weeks ago,group,unlimited,"Normal vision with visual correction device (glasses, lenses)",1,1,3,5,0,1,0,0,0,0,0,1,0,0,0,0,0,0,0,0,2019/02/18 4:27:21 PM UTC+2,General level,No involvement,A few times a year,No,Yes,Yes but I did not use it during the visit,4,4,1,2,2,0,0,0,0,0,4,2,1,1,1,3,Rien,j'ai découvert l'enlèvement des Sabines,Rien,Nothing,I discovered the Abduction of the Sabine women,Nothing,1,1,0,0,1,1,1,1,0,1,1,0,0,0,1,1,0,0,1,0,0,0,0,0.0
201902181600,209.2523252087157,1505832.2211173165,282555.01348953205,3300738.02835025,0.1493411420204978,0.452415812591508,3.35456957931008,683,4836.0,18.14853408873108,196.0,92,87735.32479363261,0.1118750200912407,10.032274465116233,1.141439205941173,0.3314286605943977,0.1361639824304538,5.878477306002928,0.0,0.596495287764436,0.9999999999999732,0.1317715959004392,1.6787458510204447,12.613155684796247,0.0512445095168374,0.0,0.9487554904831624,0.8221834290648345,7,0.9795021961932652,1.5714671958866224,10.42158550473578,3887.039304531437,15049.80967973639,1134.7973651695934,214.94573647591255,0.0834553440702781,104,0.0027883734721907,1.2903225806291525,2019/02/18 5:00:27 PM UTC+2,201902181600,55,woman,"Fuveau, France",french,Native/bilingual,BTEC Higher National Diploma,3,5,3,5,5,No,0,Never,alone,unlimited,"Normal vision with visual correction device (glasses, lenses)",1,1,3,4,1,0,0,0,0,0,1,0,1,1,0,0,1,0,0,0,2019/02/18 6:36:34 PM UTC+2,Low level,No involvement,A few times a year,No,Yes,No,3,3,1,1,1,5,5,5,5,5,5,4,4,1,4,4,La création en relief d'une peinture pour rendre la peinture accessible aux non voyants était intéressante.,"J'ai réalisé que je n'aimais pas la peinture italienne (2ème étage, période du XIV au XVIe siècle). C'est pour cela que j'ai commencé par le plus ancien d'abord, ce qui correspond à la scénographie du musée.",J'ai écourté la visite sur la fin car je commençais à fatiguer mentalement. C'est dommage car c'est la partie qui m'aurait le plus intéressé. Il faudra que je revienne. Il manque des explications sur les techniques et les courants de peinture. Et j'ai reconnu certaines choses sans être vraiment sûr donc c'est un peu dommage de ne pas avoir les explications.,The creation of a relief painting to make it accessible to the visually impaired was interesting.,"I realized that I don't like Italian painting (2nd floor, 14th to 16th century). That's why I started with the oldest first, which corresponds to the museum's scenography.","I cut the tour short at the end because I was getting mentally tired. It's a shame because that's the part that would have interested me the most. I'll have to come back. Explanations of painting techniques and trends are lacking. And I recognized some things without really being sure, so it's a shame not to have the explanations.",1,0,1,0,0,0,1,1,0,1,1,0,1,0,1,1,0,1,0,0,1,1,0,0.0
201902181610,162.55242036635985,1356463.1125961735,282555.01348953205,3300738.02835025,0.2890625,0.40625,3.4499937357152834,128,1026.0,61.32404419016667,51.0,6,62672.58991812715,0.0109033845267428,6.556555099999999,0.350877192961937,0.59639795183206,0.2734375,5.046875,0.0,0.3263528429275262,0.9999999999999556,0.0625,1.400632259296356,17.042292022415346,0.921875,0.0,0.078125,0.1825657894736842,5,0.9140625,2.0709074528604905,9.314086347901238,3790.5466739629446,15129.494535850568,1231.8702098109911,4.341548774681124,0.0625,35,0.0015583898352761,2.0467836256112992,2019/02/18 5:30:00 PM UTC+2,201902181610,22,man,"Nancy, France",french,Native/bilingual,A levels,3,4,1,5,5,Yes,2,Several months ago,alone,unlimited,"Normal vision with visual correction device (glasses, lenses)",1,2,1,4,0,0,0,0,1,0,0,0,1,0,1,0,1,0,1,1,2019/02/18 5:37:34 PM UTC+2,General level,No involvement,One or more times a month,No,Yes,No,4,3,5,1,1,5,3,4,4,5,4,1,1,1,4,0,Rien,Peinture d'Eugène delacroix,Rien,Nothing,Painting by Eugène delacroix,Nothing,1,1,1,0,0,1,0,0,0,0,1,0,1,0,0,0,0,0,1,0,1,1,0,1.0
201902201020,157.1591888123026,1776437.40094155,282555.01348953205,3300738.02835025,0.0917159763313609,0.5976331360946746,3.1622127718356428,338,674.0,37.91136387000431,9.0,11,25413.725523225214,0.3881174985177794,26.06397175,0.9792284865597126,0.3259367789210498,0.257396449704142,5.650887573964497,0.0,0.4788127411016962,0.9999999999999606,0.0384615384615384,1.4195479184041917,8.1015006692196,0.3313609467455621,0.3372781065088757,0.3313609467455621,0.5,6,0.9615384615384616,1.794536981083101,9.986043687385814,3502.6609474827314,13245.309943843156,1167.5135510059158,64.29048921011727,0.1035502958579881,52,0.0020461384125863,4.629080118282278,2019/02/20 11:28:43 AM UTC+2,201902201020,66,woman,"Nancy, France",french,Native/bilingual,"Master's Degree, MS/MSc",1,3,5,1,5,Yes,200,A few weeks ago,alone,30,"Normal vision with visual correction device (glasses, lenses)",1,1,2,5,0,1,0,0,0,0,0,1,0,0,0,0,0,0,0,0,2019/02/20 11:53:05 AM UTC+2,Specialist/expert,Art teacher,One or more times a month,No,No,Yes but I did not use it during the visit,4,4,1,1,1,0,0,0,0,0,5,5,5,1,1,0,kusama et bas reliefs,le nombre de petits enfants/scolaire durant la visite ,-Vous faire part de ma méthode du trajet de l'oeil appliquée au lycée Varoquaux 1983-2010,Kusama and bas-reliefs,the number of small children/schoolchildren during the visit ,Share with you my eye-tracking method applied at the Lycée Varoquaux 1983-2010,1,1,0,1,0,1,1,1,0,1,1,0,1,0,1,0,0,0,0,1,0,0,1,0.0
201902201210,210.50493509833743,1556712.0807524298,282555.01348953205,3300738.02835025,0.1617357001972386,0.4911242603550296,3.613879150071068,507,2942.0,34.20752638991848,189.0,50,100696.86340253722,0.0264327659932859,9.919159024999994,1.019714479924819,0.6172807393154698,0.1420118343195266,5.682445759368837,0.0,0.3737184177618851,0.9999999999999714,0.1321499013806706,1.6249257703681297,13.11374861543856,0.9585798816568049,0.0216962524654832,0.019723865877712,0.1849310201033257,8,0.970414201183432,1.7087393768542616,9.580437952680988,3825.683805830564,21803.68890784246,1095.0922988933364,62.293778160218665,0.0946745562130177,97,0.0027861942872998,1.9782460910541488,2019/02/20 1:19:20 PM UTC+2,201902201210,37,man,"Nancy, France",french,Native/bilingual,PhD,3,5,2,2,3,Yes,2,Several years ago,alone,90,Normal vision,2,5,5,5,1,0,0,0,0,0,1,0,1,1,0,0,0,0,1,0,2019/02/20 2:35:36 PM UTC+2,General level,No involvement,A few times a year,No,Yes,No,2,4,2,1,4,0,0,0,0,0,1,2,2,2,5,4,"Je ne connaissais pas ces meubles de la collection Prouvé, je savais qu'il avait réalisé des meubles mais je ne connaissais pas ceux-ci","L'absence du tableau de Delacroix, la bataille de Nancy",Éclairage à revoir au sein du musée,"I didn't know these pieces of furniture from the Prouvé collection, I knew he had made furniture but I didn't know these.","the absence of Delacroix's painting, The Battle of Nancy",Lighting to be reviewed in the museum,1,1,1,1,0,1,1,1,0,0,1,1,1,0,1,1,0,1,1,0,0,1,1,1.0
201902201400,177.87362560536272,1343023.925833003,282555.01348953205,3300738.02835025,0.1922753988245172,0.4214945424013434,2.991984206773884,1191,4594.0,19.690566404199487,187.0,79,90188.7237463006,0.2696652686593996,18.15668323529413,1.0317805833561369,0.6432182947044961,0.2401343408900084,5.938706968933669,0.0,0.4321226599942509,0.9999999999999796,0.0680100755667506,1.520320480890782,12.13437165248363,0.6372795969773299,0.3518052057094878,0.0109151973131822,0.2642939152919863,17,0.9882451721242652,1.6228406071257506,10.07823230002888,5111.071566575791,27497.03609407413,1207.806649976921,9.410932792027335,0.0461796809403862,144,0.0029739327788295,1.8807139747251105,2019/02/20 3:09:10 PM UTC+2,201902201400,33,man,"Nancy, France",french,Native/bilingual,"Master's Degree, MS/MSc",1,5,3,3,5,Yes,1,Several years ago,group,90,"Normal vision with visual correction device (glasses, lenses)",1,1,3,5,0,1,1,0,0,0,0,0,1,0,0,0,0,0,0,0,2019/02/20 4:40:48 PM UTC+2,Low level,No involvement,A few times a year,Yes,Yes,No,4,5,1,1,4,0,0,0,0,0,1,2,2,4,1,4,"J'ai appris que dans l'art japonais, ce qui avait lancé l'exportation d’œuvres japonaises, c'est qu'ils ont été forcés par les américains à ouvrir leurs frontières.",Les tableaux de Friant pour les visages,"On oublie les lunettes d'eye-tracking pendant la visite, on a juste l'impression d'étonner les autres visiteurs.","I learned that in Japanese art, what had launched the export of Japanese works was that they were forced by the Americans to open their borders.",Friant's paintings of faces,"You forget the eye-tracking glasses during the visit, you just feel like you're surprising the other visitors.",0,0,1,1,1,0,0,0,0,1,0,0,0,0,0,1,0,1,0,0,0,1,1,1.0
201902201410,179.87984872203717,1376159.4276226696,282555.01348953205,3300738.02835025,0.0950782997762863,0.2885906040268456,2.909358810093756,894,4530.0,25.929521497964387,201.0,73,117468.83766066958,0.0408750923687004,50.70715169491527,0.9668874172057366,0.0885108653702247,0.1767337807606264,6.574944071588367,0.0,0.3931459254766685,0.9999999999999822,0.1577181208053691,1.7560851181296422,11.494747863603784,0.8366890380313199,0.1465324384787472,0.0167785234899328,0.2072936574958887,26,0.9843400447427292,1.179967532050903,9.613313734177076,4064.562119525442,34070.79532239762,998.077442230364,15.102500995466173,0.1375838926174496,149,0.0026539226997302,1.9735099337486952,2019/02/20 3:09:38 PM UTC+2,201902201410,34,man,"Nancy, France",french,Native/bilingual,"Master's Degree, MS/MSc",3,4,3,4,5,Yes,4,Several months ago,group,120,"Normal vision with visual correction device (glasses, lenses)",3,2,4,4,1,0,0,0,0,0,0,0,0,1,0,0,1,1,1,1,2019/02/20 4:40:10 PM UTC+2,General level,No involvement,A few times a year,Yes,Yes,No,4,4,1,1,2,4,5,3,4,4,2,4,2,2,3,4,"Emile Friant est nancéien, les impressionniste sont fin 19ième, début 20ième",Rien,Rien,"Emile Friant is from Nancy, the Impressionists are from the late 19th and early 20th centuries.",Nothing,Nothing,0,0,0,1,0,1,0,0,0,0,1,0,0,0,0,0,0,0,0,0,1,1,1,1.0
201902201600,160.46273808569958,1140324.6794323549,282555.01348953205,3300738.02835025,0.2198952879581152,0.2582897033158813,2.724295532846301,573,2662.0,35.58923845797393,164.0,38,94571.11440846548,0.0198136175775403,13.593557314814817,0.8564988730084937,0.3947268376003771,0.2041884816753926,5.872600349040139,0.0,0.3860083926099245,0.999999999999976,0.2181500872600349,1.8205968808510644,14.87886506589783,0.7678883071553229,0.1553228621291448,0.0767888307155322,0.2586647051187746,16,0.9773123909249564,1.2906798556842245,10.326723757133,4113.692173526892,25654.54567189248,1040.9743814343974,44.542512944566695,0.1151832460732984,100,0.0023933053239089,2.253944402653931,2019/02/20 4:59:37 PM UTC+2,201902201600,55,man,"Velle-sur-Moselle, France",french,Native/bilingual,BTEC Higher National Diploma,1,5,5,1,5,Yes,2,About a year ago,group,unlimited,Normal vision,1,1,5,5,0,1,0,0,0,0,1,0,0,1,0,0,1,0,1,1,2019/02/20 5:59:11 PM UTC+2,General level,No involvement,A few times a year,Yes,Yes,No,4,4,1,1,1,5,1,5,3,3,1,1,1,1,1,4,J'ai passé plus de temps sur la partie RDC. J'ai appris qu'il y avait un grand nombre d'artistes dont je connaissais le nom mais pour lesquels j'ignorais qu'ils étaient lorrains ou ayant habité Nancy.,L'art contemporain ça me surprend toujours.,Rien,"I spent more time on the ground floor section. I learned that there were a large number of artists whose names I knew, but who I didn't know were from Lorraine or had lived in Nancy.",Contemporary art always surprises me.,Nothing,1,1,1,0,0,1,1,1,0,0,0,1,0,0,0,1,0,0,0,0,1,1,0,1.0
201902201610,167.0322792204622,1280002.8864092173,282555.01348953205,3300738.02835025,0.1478439425051334,0.2607802874743326,2.9961461873978217,487,2632.0,33.0320308427837,196.0,33,86894.12683203378,0.0241111873092423,9.869145079999988,0.7522796352412094,0.5479975990878732,0.1663244353182751,6.24435318275154,0.0,0.4052561463819318,0.9999999999999708,0.1806981519507187,1.8200697419362009,14.53357258108335,0.893223819301848,0.0492813141683778,0.0574948665297741,0.2209124158204502,10,0.973305954825462,1.388957927977416,10.232412276877875,4350.61403679716,20264.119552965727,986.85938973157,27.640703032958616,0.1170431211498973,72,0.0021131713790265,1.641337385980821,2019/02/20 5:01:38 PM UTC+2,201902201610,56,woman,"Velle-sur-Moselle, France",french,Native/bilingual,BTEC Higher National Diploma,3,5,5,1,5,Yes,5,About a year ago,group,unlimited,"Normal vision with visual correction device (glasses, lenses)",2,2,4,4,0,1,0,0,0,0,0,1,0,0,0,0,0,0,0,0,2019/02/20 5:57:38 PM UTC+2,General level,No involvement,A few times a year,Yes,Yes,No,4,4,3,1,1,4,5,5,5,2,3,4,2,1,1,0,Revu des tableaux apprécié,"Il manque beaucoup de tableaux qui sont en cours d'affichage, deux oeuvres contemporaines immenses une en noir et blanc et l'autre en gris qui prennent la moitié d'un mur",Rien,I saw once again some much-loved paintings,"A lot of the paintings on display are missing, two huge contemporary works, one in black and white and the other in gray, which take up half a wall.",Nothing,0,1,1,0,0,1,0,0,0,0,0,0,1,0,1,1,0,0,1,0,1,0,0,0.0
201902211210,158.7641260774725,1418780.7738370886,282555.01348953205,3300738.02835025,0.2235897435897436,0.518974358974359,2.86414911015264,975,3992.0,26.614098841603337,271.0,74,105978.69586781888,0.0296897472440679,17.31547883516485,1.1122244488810789,0.3669331292410685,0.2615384615384615,5.6,0.0,0.4249651746369568,0.9999999999999788,0.1056410256410256,1.5276804325889757,14.480507671790582,0.6758974358974359,0.2748717948717948,0.0492307692307692,0.2691953137043317,17,0.9856410256410256,1.3788514128540037,9.542482706186806,4146.01411809906,27076.95633365805,1288.939910173441,46.62439480464682,0.1015384615384615,137,0.0029094766082259,2.0591182364419973,2019/02/21 1:16:48 PM UTC+2,201902211210,28,man,"Natal, Brazil",Brazilian,Do not know,"Master's Degree, MS/MSc",5,4,3,3,5,No,0,Never,alone,unlimited,"Normal vision with visual correction device (glasses, lenses)",1,2,4,5,1,0,0,0,0,0,0,0,1,0,1,0,0,0,0,1,2019/02/21 2:40:58 PM UTC+2,General level,No involvement,A few times a year,No,Yes,No,5,4,4,1,3,0,0,0,0,0,1,5,5,4,2,2,Rien,Salle des miroirs,"J'ai remarqué que les peintures religieuses se trouvent au dernier étage, et je ne le saurais pas si je n'y étais pas allé.",Nothing,Mirror room,"I noticed that religious paintings are in the last floor, and I wouldn't know if I didn't go there.",1,0,0,1,0,0,1,0,0,0,1,0,1,0,0,1,0,1,1,0,0,0,0,1.0
201902211400,190.22298481146623,1300786.2909142154,282555.01348953205,3300738.02835025,0.1868327402135231,0.3451957295373665,2.748119266334668,562,3086.0,25.623708334962167,211.0,61,78996.64467276337,0.0326418643015968,12.645295539682564,1.1860012961532211,0.5148838517199703,0.2366548042704626,5.610320284697509,0.0,0.5250456408273395,0.9999999999999728,0.1530249110320284,1.6889011927076891,14.911510009138226,0.0871886120996441,0.0053380782918149,0.9074733096085408,0.7627224775879129,9,0.9750889679715302,1.1232786669422516,7.891956356509359,3931.00540638076,17497.277253311542,1113.9450383755434,94.8254991945752,0.1067615658362989,88,0.0023887135696658,1.7109526895325158,2019/02/21 2:10:00 PM UTC+2,201902211400,36,man,"Nancy, France",french,Native/bilingual,PhD,2,4,3,2,4,Yes,20,A few weeks ago,alone,unlimited,"Normal vision with visual correction device (glasses, lenses)",2,3,5,5,1,0,0,1,0,1,0,0,1,1,0,0,1,0,1,1,2019/02/21 4:30:08 PM UTC+2,General level,No involvement,A few times a year,No,Yes,Yes but I did not use it during the visit,5,5,3,1,2,4,3,5,4,5,2,1,2,2,3,4,"J'ai découvert que les deux grands tableaux dans le hall d'entrée ont été réalisés pour Louis XIV. De même il y a un grand tableau au 1er étage pour Marie Leczinska, femme de Louix XV. J'ai appris que les dragons représentaient le Yang dans la culture japonaise. Et j'ai appris qu'il y avait un tableau de Georges de la Tour (le souffleur à la pipe) qui existe en 9 versions différentes. Celui exposé au musée des beaux-arts de Nancy fait partie du trésor de guerre nazi puisqu'il a été acquis par Göring dans des conditions troubles.","Il y a deux portraits au 1er étage dont les protagonistes sont très ressemblants avec des acteurs contemporains. L'auto-portrait de Falconnet qui me fait penser à Christoph Walt et un autre portrait qui ressemble à Mark Hamill. J'ai été surpris également par le tableau équestre d'une femme au 1er étage datant du XVIIème siècle. Elle est habillée comme un homme et de loin on dirait un homme ce qui, je pense, est rare pour l'époque. La forme de certains tableaux est également étonnante (tableau en forme de lunettes près de l'escalier au bout de la salle Prouvé. Enfin j'ai lu qu'un peintre dont j'ai oublié le nom (au RDC) avait peint un enterrement avec l'idée de montrer le sentiment d'accomplissement d'une tâche pénible.",J'aime beaucoup Emile Friant. Je suis toujours un peu dérouté sur le sens de visite dans la grande salle du RDC.,"I discovered that the two large paintings in the entrance hall were made for Louis XIV. Similarly, there's a large painting on the 1st floor for Marie Leczinska, wife of Louix XV. I learned that dragons represent Yang in Japanese culture. And I learned that there's a painting by Georges de la Tour (the pipe-blower) that exists in 9 different versions. The one on display at Nancy's Musée des Beaux-Arts is part of the Nazi war treasure trove, having been acquired by Göring under murky circumstances.","There are two portraits on the 1st floor whose protagonists are very similar to contemporary actors. Falconnet's self-portrait reminds me of Christoph Walt, and another portrait resembles Mark Hamill. I was also surprised by the 17th-century equestrian painting of a woman on the 1st floor.She's dressed like a man and from a distance looks like a man, which I think is rare for the period. The shape of some of the paintings is also astonishing (the spectacle-shaped painting near the staircase at the end of the Prouvé room). Finally, I read that a painter whose name I've forgotten (in the ground floor) painted a funeral with the idea of showing the feeling of accomplishment of a painful task.",I really like Emile Friant. I'm still a bit confused about the direction of the visit in the large room on the ground floor.,0,0,1,1,1,1,1,1,0,0,1,0,1,0,1,1,0,1,1,0,1,1,0,1.0
201902211600,226.64502482821592,1479010.4591191332,282555.01348953205,3300738.02835025,0.1714285714285714,0.5714285714285714,3.096885611708599,280,1550.0,33.39456111783569,76.0,22,51768.378348156446,0.0740232364891776,9.307678875000002,0.8516129031928408,0.1377327647019015,0.3142857142857143,5.378571428571429,0.0,0.4362039367744373,0.9999999999999616,0.0178571428571428,1.3375828115600048,10.332203077765673,0.8642857142857143,0.0,0.1357142857142857,0.2668571428571428,6,0.9571428571428572,1.7619152264408888,10.104327101590457,3775.364777391575,14743.852785100464,1264.80208990429,22.96493538795165,0.1464285714285714,43,0.001644294138856,1.6645161289678252,2019/02/21 4:38:45 PM UTC+2,201902211600,46,man,"Fleville, France",french,Native/bilingual,BTEC Higher National Diploma,1,5,5,5,3,No,0,Never,group,unlimited,Normal vision,4,1,2,5,1,0,1,0,0,0,1,0,1,0,0,0,0,0,0,1,2019/02/21 5:19:21 PM UTC+2,Low level,No involvement,rarely or never,No,Yes,No,4,4,1,1,1,3,3,5,5,5,2,2,4,1,1,4,On a vu la peinture du sauvetage d'une fille de la mythologie (Persée). Nous avons vu une film racontant la même histoire il y a pas longtemps.,Il y a beaucoup de scènes bibliques.,Rien,We saw the painting of the rescue of a mythological girl (Perseus). We saw a film telling the same story not long ago.,There are a lot of biblical scenes.,Nothing,1,1,1,0,0,0,0,1,0,0,0,0,1,0,0,1,0,1,1,0,1,1,0,1.0
201902211610,222.6377542744817,1516025.3879774525,282555.01348953205,3300738.02835025,0.1702898550724637,0.5905797101449275,2.914128461345104,276,1560.0,32.95252353821152,61.0,25,51230.06318333809,0.0267649227165762,9.777832076923085,0.9615384615014791,0.6591556359189084,0.3079710144927536,5.456521739130435,0.0,0.4370067935423006,0.99999999999996,0.0108695652173913,1.3530605725490246,10.351934963062936,0.8442028985507246,0.0,0.1557971014492753,0.2771506874767744,5,0.9565217391304348,1.389643355604264,6.573106839062394,3604.296423198469,14106.092530008986,1276.121943084383,55.38686235671884,0.1159420289855072,42,0.0016762767308465,1.6153846153224851,2019/02/21 4:40:03 PM UTC+2,201902211610,12,woman,"Fleville, France",french,Native/bilingual,No diploma,1,3,3,2,3,Yes,1,Several years ago,group,unlimited,Normal vision,2,1,3,5,0,0,1,0,0,0,0,0,1,0,1,0,1,0,0,0,2019/02/21 5:20:19 PM UTC+2,No knowledge,No involvement,rarely or never,No,Yes,No,3,2,1,1,1,0,0,0,0,0,1,1,1,1,1,4,La peinture avec Persée et Pégase,Rien,Rien,Painting with Perseus and Pegasus,Nothing,Nothing,0,0,0,0,0,1,0,0,0,0,0,0,0,0,1,1,0,0,0,0,0,0,0,0.0
201902211700,189.0561956161632,1543999.5215643975,323760.68074737914,3300738.02835025,0.0920245398773006,0.4693251533742331,2.9393392609914923,326,2442.0,31.077762845205942,117.0,33,75687.19831001882,0.0266743422759554,9.095961333333348,0.8108108107908892,0.1488197626125611,0.3190184049079754,5.708588957055214,0.0,0.4948336052035698,0.9999999999999608,0.0521472392638036,1.554056849336669,9.757821494038504,0.0736196319018405,0.0,0.9263803680981596,0.8128884601277238,7,0.9570552147239264,1.9449614666578168,10.572630832120815,3308.9872254338406,12910.919957296734,1072.8398089479529,46.31024386831147,0.1380368098159509,51,0.0019954802771475,1.253071253040465,2019/02/21 5:24:25 PM UTC+2,201902211700,43,woman,"Fleville, France",french,Native/bilingual,A levels,1,2,4,1,5,No,0,Never,group,unlimited,Normal vision,1,1,3,5,1,0,1,0,0,0,0,0,1,1,1,0,0,0,0,0,2019/02/21 6:20:49 PM UTC+2,Low level,No involvement,A few times a year,Yes,Yes,No,5,4,1,1,1,5,1,5,5,5,3,2,1,1,2,3,J'ai vu le baptême du Christ au 2ème étage. Il y a un autre tableau de Doré représentant une forêt inspirée des Vosges.,Un tableau en longueur avec une femme et un chien au RDC.,Rien,I saw the Baptism of Christ on the 2nd floor. There's another painting by Doré depicting a forest inspired by the Vosges.,A long painting with a woman and a dog on the ground floor.,Nothing,0,1,1,0,0,0,1,1,0,0,1,0,0,0,0,1,0,0,1,0,1,1,0,0.0
201902211710,188.44186349341936,1502801.3732469662,323760.68074737914,3300738.02835025,0.1288343558282208,0.4539877300613497,2.833087196132188,326,2444.0,34.520007493071326,102.0,36,84252.69885470674,0.0387314876227558,6.628446583333324,0.8837970539881229,0.1488197626125611,0.4447852760736196,5.533742331288344,0.0,0.4858333046343617,0.9999999999999646,0.0429447852760736,1.5211206797321966,10.91051437760132,0.0736196319018405,0.0,0.9263803680981596,0.8129813340295,12,0.9570552147239264,2.105063958351805,10.604194402717615,3389.663449930857,14522.073548716184,1120.727762637105,40.56730457120477,0.0889570552147239,59,0.0020889465216385,1.448445171813868,2019/02/21 5:28:14 PM UTC+2,201902211710,19,woman,"Fleville, France",french,Native/bilingual,Middle school,1,4,1,1,5,No,0,Never,group,unlimited,Normal vision,1,1,3,3,1,0,1,0,0,0,0,0,1,0,0,0,1,0,0,0,2019/02/21 6:20:40 PM UTC+2,Low level,No involvement,A few times a year,No,Yes,Yes but I did not use it during the visit,4,5,1,1,2,0,0,0,0,0,1,1,1,1,1,1,Rien,La grandeur de certains de tableaux,Rien,Nothing,The grandeur of some of the paintings,Nothing,0,0,1,0,0,1,0,0,0,0,0,0,1,0,0,1,0,1,1,0,0,0,0,0.0
201902221020,182.797976948808,1470366.479104169,323760.68074737914,3300738.02835025,0.0675675675675675,0.4405405405405405,3.334358988195733,740,4686.0,16.733707464784157,112.0,57,78392.78867121338,0.0818763669871237,20.71488548648647,0.7298335467256103,0.820276062561775,0.2351351351351351,6.585135135135135,0.0,0.4399105330239052,0.99999999999997,0.0256756756756756,1.4627031712504943,10.059105444652744,0.9310810810810812,0.0,0.0689189189189189,0.2048851668569978,10,0.9851351351351352,1.702964547273474,8.881548536985527,3950.179133770516,18575.488843004405,1152.288314395854,125.77665162568609,0.05,88,0.0026533822883727,1.1267605633658546,2019/02/22 11:26:27 AM UTC+2,201902221020,14,woman,"Neuves-maisons, France",french,Native/bilingual,Middle school,1,4,5,3,3,No,0,Never,group,unlimited,"Normal vision with visual correction device (glasses, lenses)",4,2,3,4,1,1,0,0,0,0,0,0,1,0,0,0,0,0,0,0,2019/02/22 12:55:06 PM UTC+2,General level,No involvement,A few times a year,No,Yes,No,5,5,4,1,2,4,4,4,2,5,1,1,2,3,3,3,Rien,"La taille des tableaux, certains sont très grands",Rien,Nothing,"The size of the paintings, some are very large.",Nothing,0,0,0,1,0,0,0,1,0,1,1,0,0,0,0,0,0,1,1,0,1,0,0,0.0
201902221200,186.9216302820116,1431806.9478089423,282555.01348953205,3300738.02835025,0.238095238095238,0.3880952380952381,3.029862500015549,420,3392.0,21.62541733376934,143.0,63,73122.57164734762,0.0538143118044021,11.2015367142857,1.1143867924331183,0.0051483421348574,0.2619047619047619,6.311904761904762,0.0,0.5061741722034622,0.9999999999999506,0.0261904761904761,1.4689459873392046,15.063951455303004,1.0,0.0,0.0,0.1235259433962264,6,0.9714285714285714,1.6476951126659931,9.271161117421716,1575.229303995441,9994.85984999063,1153.0709698884962,105.23903341785515,0.0523809523809523,52,0.002569214919551,0.9198113207384468,2019/02/22 1:18:55 PM UTC+2,201902221200,38,woman,"Karlsruhe, Germany",russian and german,Do not know,"Master's Degree, MS/MSc",2,4,5,2,5,Yes,1,About a year ago,group,unlimited,"Normal vision with visual correction device (glasses, lenses)",2,3,4,5,1,1,0,0,0,0,0,0,1,1,1,0,0,0,1,1,2019/02/22 2:33:43 PM UTC+2,Low level,No involvement,A few times a year,Yes,Yes,No,4,5,4,1,3,0,0,0,0,0,4,2,4,2,3,0,La forme des cadres est parfois arrondie (comme les arbres et les racines) et s'inspire de la nature [note de l'expérimentateur : Ecole de Nancy]. ,J'ai été surpris par la technique utilisant de l'Eau-Forte / acide nitrique sur du parchemin [surprise par la technique utilisant de l'Eau-Forte / acide nitrique sur du parchemin],"Les cartels n'étaient qu'en français. Il serait utile de les avoir en anglais. Normalement, je les aurais lues.",The form of the frames are sometimes rounded (like trees and roots) and it is inspired from the Nature [note de l'expérimentateur : Ecole de Nancy]. ,I have been surprised by a painting technique on a parchment [surprise par la technique utilisant de l'Eau-Forte / acide nitrique sur du parchemin],The plates were only in French. It would be useful to have them in english. Normally I would have read them.,0,0,1,1,0,0,0,1,0,1,1,0,0,0,0,1,0,0,1,0,0,1,0,0.0
201902221210,191.65043234374068,1665308.220227786,282555.01348953205,3300738.02835025,0.1582568807339449,0.4472477064220183,3.698415095182396,436,3466.0,23.84349746947884,131.0,61,82353.48125876008,0.0629709646028121,12.406444578947378,1.0559723023475598,0.2282562719074999,0.1146788990825688,6.160550458715596,0.0,0.3903717914677454,0.999999999999966,0.0252293577981651,1.4860890645054516,13.027457744316909,0.963302752293578,0.0,0.036697247706422,0.1529907833369508,3,0.970183486238532,1.746280982939152,9.806027060461057,3983.207986055076,17934.29140105459,1010.2274417646786,52.71747280336802,0.1490825688073394,56,0.0019035700332044,0.9694171955977596,2019/02/22 1:18:06 PM UTC+2,201902221210,43,man,"Karlsruhe, Germany",german,Do not know,"Master's Degree, MS/MSc",3,3,4,4,3,Yes,1,About a year ago,group,unlimited,Normal vision,1,1,4,5,1,1,0,1,0,0,1,0,0,0,0,0,0,1,0,0,2019/02/22 2:27:59 PM UTC+2,General level,No involvement,A few times a year,Yes,Yes,No,4,4,3,3,3,3,0,4,3,3,2,2,2,3,2,4,Rien,Rien,Rien,Nothing,Nothing,Nothing,1,1,1,1,0,1,1,1,0,0,1,0,1,0,0,0,0,0,0,0,1,1,0,1.0
201902221400,166.71957072434003,1472373.2400151505,282555.01348953205,3300738.02835025,0.1154102735156771,0.5770513675783856,3.050351314237605,1499,5096.0,26.73454193965413,171.0,78,136122.00804394702,0.0381155349362761,20.34034124691358,0.9183673469279626,0.0155326284308401,0.2334889926617745,5.974649766511007,0.0,0.3264138094690565,0.9999999999999852,0.0653769179452968,1.5139521495883732,12.07976516964427,0.5610406937958639,0.3769179452968645,0.0620413609072715,0.3173853212450372,30,0.989993328885924,1.4928766267642293,10.705917966302536,4308.469675818361,45428.44554863973,1323.9003391148824,26.63073719431345,0.0560373582388258,164,0.0024316952498142,1.930926216617768,2019/02/22 3:09:24 PM UTC+2,201902221400,21,man,"Nancy, France",Syrian,Advanced,A levels,3,4,4,3,4,Yes,2,About a year ago,alone,unlimited,Normal vision,2,2,3,4,0,0,0,0,1,1,0,0,1,0,1,0,0,0,0,0,2019/02/22 4:45:42 PM UTC+2,General level,No involvement,One or more times a month,No,Yes,Yes but I did not use it during the visit,5,5,4,3,2,5,5,5,4,5,4,4,4,2,1,4,J'ai remarqué qu'il y avait une erreur sur le lien de décès de l'artiste Étienne Cournault. Il s'agit d'un artiste que j'apprécie et il y a une information contradictoire sur le lieu de sa mort entre deux cartels différents ce qui m'a permis de découvrir qu'il est mort à Malzéville et non pas à Paris.,Rien,Rien,"I noticed an error on the death link for artist Étienne Cournault. He's an artist I like, and there's contradictory information on the place of his death between two different cartels, which allowed me to discover that he died in Malzéville and not in Paris.",Nothing,Nothing,1,0,1,0,0,1,0,0,0,1,0,0,0,0,1,1,0,1,1,0,1,1,0,1.0
201902221410,224.15000208664927,1077441.3628734169,282555.01348953205,3300738.02835025,0.4864253393665158,0.2986425339366516,3.6812429672443887,442,4428.0,15.147104419728445,179.0,71,66855.04938546343,0.5777339912400187,7.1082546999999945,0.96205962058317,0.5965314193427673,0.2285067873303167,4.916289592760181,0.0,0.587426387792592,0.9999999999999588,0.0588235294117647,1.4974396305768454,4.22771392100292,0.0520361990950226,0.0,0.9479638009049772,0.8587352389360998,7,0.9705882352941176,1.817510154988546,12.431590894700737,4175.055749494561,9994.643731880104,952.7375951427856,103.71396167799686,0.0475113122171945,34,0.0014035020348255,0.4607046070398278,2019/02/22 3:10:22 PM UTC+2,201902221410,36,woman,"Charleville-Mézières, France",belgian,Native/bilingual,"BA, BS/BSc",1,4,4,1,4,No,0,Never,group,120,Normal vision,1,1,3,5,1,0,1,0,0,0,0,0,1,0,0,0,0,0,0,0,2019/02/22 4:50:35 PM UTC+2,Art lover,No involvement,A few times a year,Yes,Yes,No,5,4,3,1,1,0,0,0,0,0,4,5,1,1,3,5,"Énormément de peintre flamand, thématique religion, beaucoup d'anciens tableaux","La pièce miroir/lumière, vraiment bonne surprise : féérique",Rien,"Lots of Flemish painters, religious themes, lots of old paintings","The mirror/light room, a really good surprise: enchanting",Nothing,0,1,1,1,0,1,1,1,0,0,1,1,0,0,1,1,0,0,1,0,0,1,1,0.0
201902221600,202.8169713266635,1917915.8961612144,282555.01348953205,3300738.02835025,0.0909090909090909,0.6797520661157025,3.794414146707458,484,3384.0,29.13160344603115,195.0,48,98426.04788780984,0.0425004983279891,13.439834684210522,0.8510638297721443,1.0137761503665104,0.1260330578512396,5.316115702479339,0.0,0.4473082969030895,0.999999999999975,0.134297520661157,1.6779408994756952,9.40142100072008,0.7252066115702479,0.0,0.274793388429752,0.3390810913779966,20,0.9731404958677686,1.978454904904364,8.72913772522825,3248.7224841779744,22064.50048477396,1147.3537687860012,50.88585211319816,0.1136363636363636,73,0.001828570483792,1.2943262411118028,2019/02/22 5:06:10 PM UTC+2,201902221600,28,man,"Nancy, France",french,Native/bilingual,PhD,5,2,3,5,5,No,0,Never,group,unlimited,Normal vision,2,1,4,5,1,0,1,0,0,0,0,0,1,1,0,0,1,0,0,1,2019/02/22 6:16:44 PM UTC+2,Low level,No involvement,A few times a year,No,Yes,No,4,5,1,1,1,4,5,3,4,5,5,4,1,1,4,3,"Certains tableaux ne sont pas uniquement des dessins mais souvent c'est un témoignage du passé, ça raconte une vraie histoire.",Il n'y a aucun homme qui a des poils sur le torse.,Rien,"Some paintings are not just drawings, but often a testimony to the past, telling a real story.",No man has chest hair.,Nothing,0,1,0,0,0,0,0,1,0,0,1,0,0,0,1,1,0,0,1,0,1,0,0,1.0
201902221610,194.256765692108,1594288.9003813134,282555.01348953205,3300738.02835025,0.1934604904632152,0.6130790190735694,3.1060405487830405,367,3148.0,26.8221749015935,179.0,64,84280.41480644875,0.0167568132505327,13.028902571428564,1.2198221092524812,0.6420687276179072,0.3623978201634877,6.226158038147139,0.0,0.3746281796685208,0.9999999999999676,0.0299727520435967,1.47428055198376,12.13643676001779,0.9564032697547684,0.0,0.0435967302452316,0.1497235388413213,14,0.9700272479564032,2.0646969661698718,11.30371113946774,4336.102805475079,19370.35994972805,1276.0611627288542,58.016724930344665,0.0817438692098092,70,0.002259949094225,1.334180431994901,2019/02/22 5:08:23 PM UTC+2,201902221610,27,non_binary,"Nancy, France",french,Native/bilingual,"Master's Degree, MS/MSc",1,4,1,5,5,Yes,3,Several years ago,group,unlimited,"Normal vision with visual correction device (glasses, lenses)",3,1,2,5,1,1,0,0,0,0,0,0,0,0,1,0,1,0,1,1,2019/02/22 6:17:49 PM UTC+2,No knowledge,No involvement,A few times a year,Yes,Yes,No,4,5,5,1,3,5,5,5,5,3,3,5,4,4,2,1,Les torses d'homme sont toujours imberbes,Sensibilité particulière au traitement de la lumière dans les tableaux et les cadres qui sont très impressionnants,Rien,Men's torsos are always beardless,"Particular sensitivity to the treatment of light in the paintings and frames, which are very impressive.",Nothing,1,0,1,1,0,1,0,1,0,0,1,0,0,0,0,1,0,0,1,0,1,1,0,
201902231200,180.3453370447633,1531588.208619067,282555.01348953205,3300738.02835025,0.1619718309859155,0.4612676056338028,3.1356065989522666,852,3398.0,25.869496920887723,194.0,59,87636.28664874024,0.0264895861088718,11.597144761904747,1.041789287797967,0.8207631022540824,0.1866197183098591,5.605633802816901,0.0140845070422535,0.3921982400740975,0.9999999999999746,0.142018779342723,1.681342793803893,13.198707879716467,0.6584507042253521,0.3262910798122065,0.0152582159624413,0.2580570730642438,6,0.9812206572769951,1.4418145807889728,9.085764774459417,4067.7343450829458,23834.801050295693,1158.952047182197,7.333927585310522,0.0715962441314554,112,0.0028560673516028,1.977633902260548,2019/02/23 1:10:15 PM UTC+2,201902231200,28,man,"Nancy, France",french,Native/bilingual,"Master's Degree, MS/MSc",4,2,3,3,4,Yes,1,Several years ago,alone,unlimited,Normal vision,3,2,3,4,1,1,0,0,0,0,0,0,1,0,0,0,1,0,0,0,2019/02/23 2:20:56 PM UTC+2,Low level,No involvement,A few times a year,No,No,No,4,4,3,1,2,0,0,0,0,0,2,2,3,4,3,5,"J'ai appris que les styles de siège de la première salle au RDC avaient un style épuré (recherche de formes simples géométriquement) [Collection Prouvé]. Au 2ème étage, une femme est représentée avec plein de légumes par terre jonchant le sol et ces légumes représentent les 4 saisons. Cela signifie que la scène est immuable par rapport au temps car il y a des légumes frais des 4 saisons.",La taille de certains tableaux qui sont vraiment très grands,Rien,"I learned that the seating styles in the first room on the ground floor had a purified style (search for geometrically simple forms) [Collection Prouvé]. On the 2nd floor, a woman is depicted with lots of vegetables on the ground, representing the 4 seasons. This means that the scene is unchanging with respect to time, as there are fresh vegetables from all 4 seasons.","The size of some of the paintings, which are really quite large.",Nothing,1,0,0,0,0,0,1,1,0,1,1,0,0,0,0,1,0,0,0,0,0,1,0,1.0
201902251200,227.73592982079649,1762333.349957606,323760.68074737914,3300738.02835025,0.0681818181818181,0.6477272727272727,3.7911858670706775,176,4064.0,18.58729753769681,169.0,77,75222.05251141643,0.035447734566602,5.621793199999956,1.1368110236052635,0.6825096052944446,0.1590909090909091,6.142045454545454,0.0,0.6381169206159139,0.9999999999999548,0.0,1.4693482554593549,7.3977398460385055,0.1022727272727272,0.0,0.8977272727272727,0.8634741857551897,2,0.9431818181818182,2.2492477973092,10.24364426660514,3415.153651073767,7995.364310263069,1166.3835390816796,51.973627946140056,0.1306818181818181,32,0.0014483715927021,0.4724409448749147,2019/02/25 1:06:50 PM UTC+2,201902251200,48,man,"vignot, France",french,Native/bilingual,PhD,1,3,4,3,5,No,0,Never,alone,90,"Normal vision with visual correction device (glasses, lenses)",3,2,2,4,1,1,0,0,0,0,0,0,1,0,0,0,1,0,0,0,2019/02/25 2:42:04 PM UTC+2,Low level,No involvement,A few times a year,No,Yes,No,4,4,1,1,3,0,0,0,0,0,1,1,1,2,1,5,J'en ai appris davantage sur les mouvements des peintres flamands au XVIème siècle que je connaissais peu,Je n'ai pas trouvé une grande cohérence dans la collection du XXème siècle,Rien,"I learned more about the movements of Flemish painters in the 16th century, which I knew little about.",I didn't find much coherence in the 20th century collection,Nothing,0,0,1,1,1,0,0,1,0,0,1,1,1,0,0,1,0,0,1,0,0,1,1,1.0
201903011010,180.5065035051458,1409743.6163520236,282555.01348953205,3300738.02835025,0.2461220268872802,0.4488107549120992,3.248069191598622,967,4580.0,19.862313524904625,114.0,74,90880.19806126835,0.0567365501797509,20.780987064516115,0.9694323143977804,0.6481893223954917,0.2792140641158221,5.560496380558428,0.0765253360910031,0.4398460177120945,0.9999999999999752,0.0237849017580144,1.4220190318286816,7.696226954199363,0.781799379524302,0.1964839710444674,0.0217166494312306,0.223472857575087,7,0.9865563598759048,1.9066499586899992,9.593870543896864,3877.3801579626174,22480.20108899712,1105.1955282019178,65.83776357505545,0.1106514994829369,114,0.0028406131123121,1.4934497816398238,2019/03/01 11:20:30 AM UTC+2,201903011010,20,woman,"Nancy, France",french,Native/bilingual,A levels,1,5,4,1,5,Yes,10,Several months ago,group,unlimited,"Normal vision with visual correction device (glasses, lenses)",1,1,3,4,1,0,0,0,0,0,0,0,1,0,1,0,0,0,0,1,2019/03/01 12:55:42 PM UTC+2,General level,No involvement,One or more times a month,No,Yes,No,5,5,1,1,1,0,0,0,0,0,3,3,3,1,1,4,Deux tableaux d'Emile Friant pas en même temps représentant même scène (La Toussaint),voir ci-dessus,Rien,"Two paintings by Emile Friant, not at the same time, depicting the same scene (La Toussaint).",Nothing,Nothing,1,1,0,1,0,1,1,1,0,0,1,0,0,0,1,1,0,0,1,0,0,1,0,0.0
201903011020,171.3858418692158,1411463.51422864,282555.01348953205,3300738.02835025,0.2461380020597322,0.4490216271884655,3.057707205528218,971,4584.0,21.403963448201715,108.0,72,97817.52682219296,0.0738526246541251,19.867372580645164,0.9424083769510156,0.6866072878338474,0.2780638516992791,5.563336766220392,0.0772399588053553,0.4557069245259771,0.9999999999999776,0.0247167868177136,1.4259883983367103,7.692776310794975,0.7796086508753862,0.1977342945417095,0.0226570545829042,0.2246739206625651,7,0.9866117404737385,1.6288914093039308,10.23954658406574,3884.964910255888,24244.00185148473,1099.464507343295,58.34505477415873,0.0988671472708547,164,0.0036819030506826,2.1465968586106463,2019/03/01 11:20:29 AM UTC+2,201903011020,20,woman,"Nancy, France",french,Native/bilingual,A levels,2,1,3,1,5,Yes,10,Several months ago,group,unlimited,Normal vision,1,1,3,5,1,0,0,0,0,0,0,0,1,0,1,0,0,0,1,1,2019/03/01 12:55:41 PM UTC+2,General level,No involvement,One or more times a month,No,Yes,No,5,5,4,1,2,3,5,5,4,5,4,3,4,4,1,5,Emile Friant n'a pas peint les deux tableaux de la Toussaint en même temps.,Rien,Rien,Emile Friant did not paint the two All Saints' paintings at the same time.,Nothing,Nothing,1,1,1,1,0,1,1,1,0,0,0,0,0,0,1,1,0,1,1,0,1,1,0,0.0
201903011600,170.05798414279985,1653674.06600062,282555.01348953205,3300738.02835025,0.0994652406417112,0.546524064171123,3.1435697377200023,935,3482.0,21.454346397508846,156.0,66,74517.48859430538,0.0367038903562905,11.231912576923078,1.1372774267466297,0.5056099865746363,0.279144385026738,5.811764705882353,0.0256684491978609,0.3865725853718736,0.9999999999999756,0.095187165775401,1.589802879727764,10.790064501003108,0.6149732620320856,0.3679144385026738,0.0171122994652406,0.2761686534568921,10,0.983957219251337,1.7204788829659023,10.42054388532495,3732.061397326567,25099.60011073224,1211.9235433041506,15.97252040621108,0.0705882352941176,120,0.0029327674317766,2.0677771395393263,2019/03/01 5:06:41 PM UTC+2,201903011600,24,man,"Nancy, France",french,Native/bilingual,"Master's Degree, MS/MSc",4,4,2,4,5,Yes,4,Several years ago,group,unlimited,Normal vision,2,2,4,4,0,1,0,0,0,0,1,0,1,1,0,0,1,0,0,0,2019/03/01 6:22:47 PM UTC+2,Low level,No involvement,A few times a year,No,Yes,No,5,5,4,2,2,5,1,4,5,5,5,3,4,4,4,4,"Je n'avais jamais vu d'estampes japonaises et j'ai appris à les découvrir à travers l'exposition sur le japon, ainsi que les sabres japonais, sculptures en bois, la poupée en verre.",Beaucoup d'oeuvres religieuse.,Rien,"I'd never seen Japanese prints before, and I learned all about them at the Japan exhibition, along with Japanese swords, wooden sculptures and glass dolls.",Lots of religious works.,Nothing,0,0,0,1,0,1,1,1,0,0,1,0,1,0,1,1,0,0,0,0,1,1,0,1.0
201903021410,196.8244057047964,1811592.152405725,323760.68074737914,3300738.02835025,0.0375,0.525,4.014526119479469,80,4808.0,12.328076609777812,116.0,65,58890.24689574553,0.053689805938329,9.739853999999468,0.8111480865123399,0.2701172255221324,0.2125,4.95,0.0,0.6418014801243931,0.9999999999999428,0.2,1.7969760493723392,6.17960491418328,0.2,0.0,0.8,0.7901414309484194,1,0.9125,2.660567773660188,10.006424453468531,2460.187890312262,6269.804850723075,1113.8305761219494,262.5937692706751,0.125,10,0.0005713072869153,0.1247920133095907,2019/03/02 3:08:23 PM UTC+2,201903021410,20,man,"Nancy, France",french,Native/bilingual,BTEC Higher National Diploma,3,4,3,4,5,Yes,1,About a year ago,group,unlimited,Normal vision,3,3,3,4,1,0,0,1,0,0,0,0,1,1,1,0,1,0,0,1,2019/03/02 4:42:16 PM UTC+2,General level,No involvement,A few times a year,No,Yes,Yes but I did not use it during the visit,4,4,3,2,3,4,4,4,4,5,2,2,2,3,3,3,"J'ai découvert des titres des œuvres et des peintres... Par exemple Michel-Ange, il y en a une au 1er étage (des natures mortes)",C'était beaucoup en lien avec la religion chrétienne,On a préféré commencer par le 2ème étage et redescendre par la suite (optimisation du chemin),"I discovered titles of works and painters... For example Michelangelo, there's one on the 1st floor (still lifes)",A lot of it had to do with the Christian religion.,We preferred to start on the 2nd floor and work our way down (path optimization).,0,0,1,0,0,0,1,1,0,0,1,0,0,0,1,1,0,1,1,0,1,0,0,1.0
201903021610,219.47865275775268,1122740.5017626528,282555.01348953205,3300738.02835025,0.293394777265745,0.2857142857142857,2.7651270203540763,651,5590.0,18.48911754106158,237.0,94,103351.0351617177,0.1036084402766351,14.134790722222128,1.0089445438174351,0.6176295204351661,0.2734254992319508,5.820276497695852,0.0,0.5261119140495636,0.9999999999999772,0.1428571428571428,1.6700748716671945,16.82031652509116,0.0291858678955453,0.0,0.9708141321044548,0.8613224734755118,11,0.978494623655914,1.418013298093658,10.30852435146442,4480.363910104919,20659.505388092,1076.7193683214507,15.884391976942098,0.1136712749615975,118,0.0027066860068382,1.2665474060686952,2019/03/02 5:05:58 PM UTC+2,201903021610,31,man,"Nancy, France",french,Native/bilingual,A levels,3,5,3,4,5,Yes,20,Several months ago,group,90,"Normal vision with visual correction device (glasses, lenses)",2,2,3,4,0,1,0,0,0,0,0,0,1,1,0,0,0,0,1,0,2019/03/02 6:56:28 PM UTC+2,General level,Professional/Artist,A few times a year,No,Yes,Yes but I did not use it during the visit,5,5,4,1,3,5,5,5,5,5,3,4,3,3,1,4,J'en ai appris quant aux techniques sur les lumières et les textures par l'observation,des choix artistiques qui m'avaient parfois semblé anachroniques vis à vis de l'époque où ont été réalisées certaines œuvres.,Rien,I learned about light and texture techniques through observation.,artistic choices that sometimes seemed anachronistic in relation to the era in which certain works were created.,Nothing,1,0,1,0,0,1,1,1,0,0,1,0,1,0,1,1,0,1,1,0,1,1,1,1.0
201903041020,216.6872077992745,1612759.3021428727,282555.01348953205,3300738.02835025,0.1476683937823834,0.5984455958549223,2.907614937952613,386,4280.0,24.54209663515486,193.0,74,104727.23350154738,0.0531508849641764,10.984130749999906,1.0373831775555509,0.4906045445330097,0.3419689119170984,5.6139896373057,0.0336787564766839,0.6203049833593768,0.9999999999999718,0.0284974093264248,1.4173565589522894,9.39630679932658,0.0492227979274611,0.0,0.9507772020725388,0.8696794344099559,11,0.961139896373057,1.5619446065735778,9.751455321759348,3519.2362449901343,13425.916202176608,1196.9907564528382,26.64212064357786,0.082901554404145,75,0.0021210564567226,1.0514018691441391,2019/03/04 11:23:27 AM UTC+2,201903041020,20,woman,"Nancy, France",french,Native/bilingual,"Master's Degree, MS/MSc",3,4,2,4,4,Yes,2,Several years ago,group,unlimited,Normal vision,4,4,4,4,1,0,1,1,0,0,0,0,1,0,0,0,1,0,1,0,2019/03/04 12:50:20 PM UTC+2,General level,No involvement,A few times a year,No,Yes,No,4,4,4,1,2,0,0,0,0,0,5,1,4,4,4,3,Techniques de peinture lors de la renaissance,Je ne me souvenais pas qu'il y avait de l'art contemporain dans ce musée,Rien,Painting techniques during the Renaissance,I didn't remember there being any contemporary art in the museum.,Nothing,0,1,0,1,0,1,0,0,0,0,0,0,0,1,0,1,0,1,0,0,0,0,0,0.0
201903041600,173.10278488938678,1509381.868402241,282555.01348953205,3300738.02835025,0.1383495145631068,0.4975728155339806,2.8886130332068505,824,3142.0,32.333189356833685,178.0,60,101341.34516937046,0.0180935585212064,9.26994569014085,1.1457670273492215,0.4067361915519978,0.3264563106796116,5.45752427184466,0.0230582524271844,0.4031232099547603,0.9999999999999796,0.1225728155339805,1.605361821634234,13.590355182936854,0.6298543689320388,0.1650485436893204,0.2050970873786407,0.3595879193884298,21,0.983009708737864,1.6050659403108676,10.373673684413752,3778.815422776604,28993.314615543582,1246.662182175015,44.03166515425816,0.0461165048543689,147,0.0030262455086666,2.807129217005593,2019/03/04 5:16:31 PM UTC+2,201903041600,24,woman,"Nancy, France",french,Native/bilingual,"Master's Degree, MS/MSc",2,5,2,2,5,No,0,Never,alone,unlimited,Normal vision,1,1,3,3,1,0,0,0,0,0,0,0,1,1,0,0,1,0,0,1,2019/03/04 6:25:58 PM UTC+2,General level,No involvement,A few times a year,No,Yes,No,5,4,4,1,1,0,0,0,0,0,2,2,4,1,2,4,J'ai découvert différentes techniques de peinture que je n'avais pas forcément vues avant (par ex. : sable sur toile ou gravure/peinture sur du verre). J'ai également découvert de nouveaux artistes. Je ne me rappelle en revanche pas forcément des noms.,Rien,C'était intéressant.,I discovered different painting techniques that I hadn't necessarily seen before (e.g. sand on canvas or etching/painting on glass). I also discovered new artists. But I don't necessarily remember their names.,Nothing,It was interesting.,1,1,0,1,0,1,0,0,0,0,1,0,1,0,0,1,0,0,1,0,0,1,0,0.0
201903061400,152.05307453623115,1425867.8099837797,282555.01348953205,3300738.02835025,0.1676750216076059,0.4442523768366465,2.8463959209240977,1157,3736.0,19.5629126163678,122.0,63,72930.30792424353,0.0289581155454654,12.302607012345684,1.0117773019109455,0.6042837642500762,0.3267070008643042,5.484010371650821,0.0,0.3943613569089229,0.9999999999999816,0.2057044079515989,1.7667289374339952,14.589199222508912,0.533275713050994,0.4589455488331893,0.0077787381158167,0.3123867567122385,29,0.9878997407087294,1.4991924292123264,10.32187010764951,4071.231472397597,32542.73327065941,1150.383855587463,59.09041220087017,0.0518582541054451,164,0.0030521326110147,2.633832976403097,2019/03/06 3:11:39 PM UTC+2,201903061400,38,man,"Nancy, France",french,Native/bilingual,"Master's Degree, MS/MSc",4,3,1,4,2,Yes,3,Several years ago,group,60,Normal vision,1,1,4,3,0,1,1,0,0,0,0,0,1,0,0,0,1,0,1,0,2019/03/06 4:48:30 PM UTC+2,Low level,No involvement,A few times a year,No,No,No,5,5,2,1,2,1,5,3,5,4,5,4,5,3,3,5,j'ai découvert le courant de peinture pointillisme ,la part importante des jeunes qui visitent le musée,Rien,I discovered the pointillism movement ,the high proportion of young people visiting the museum,Nothing,0,0,1,0,0,1,0,1,0,0,1,1,1,0,0,0,0,0,1,0,1,0,1,1.0
201903061410,146.0251570075289,1783897.5126713535,282555.01348953205,3300738.02835025,0.1270527225583405,0.6318063958513397,2.9001188167970784,1157,4920.0,18.881831956493105,131.0,71,92677.44310265976,0.1610731775921327,17.287109187499997,0.8658536585260261,0.5656776173424718,0.2454624027657735,5.668971477960242,0.0,0.3404861116293252,0.9999999999999774,0.1452031114952463,1.6507335575179385,10.98302086874697,0.7018150388936906,0.2878133102852204,0.010371650821089,0.2404571677523171,19,0.9878997407087294,1.2544979341449818,10.363094777567827,3855.446251713133,29033.70484446474,1198.553855169257,57.23696867393528,0.0674157303370786,145,0.0032937413370438,1.7682926829052643,2019/03/06 3:11:38 PM UTC+2,201903061410,45,woman,"Nancy, France",french,Native/bilingual,"Master's Degree, MS/MSc",4,4,2,3,5,Yes,10,Several months ago,group,unlimited,Normal vision,1,1,4,5,0,1,0,0,0,0,0,0,1,1,0,0,0,0,1,0,2019/03/06 4:49:46 PM UTC+2,Art lover,No involvement,A few times a year,No,No,No,5,5,1,1,4,3,5,4,5,3,1,1,1,1,1,5,"j'ai découvert la collaboration de Prouvé avec Charlotte Perriand, ainsi que la maison de Prouvé pouvait être visitée.",Surprise qu'il y ait un Picasso à Nancy,Rien,"I discovered Prouvé's collaboration with Charlotte Perriand, and that Prouvé's house could be visited.",Surprised there's a Picasso in Nancy,Nothing,0,1,1,1,0,1,0,0,0,0,0,1,1,0,1,1,0,0,0,0,1,0,0,0.0
201903061610,242.3320610941378,1872228.110449649,475166.8318043916,3300738.02835025,0.0,0.6043956043956044,2.979075372727639,91,4226.0,20.285439380262204,193.0,79,85735.3365516643,0.040264378682376,13.526166999999989,1.1216280170214628,0.6176295204351661,0.5164835164835165,5.362637362637362,0.0,0.5875451710293395,0.9999999999999292,0.0,1.4197160713925543,2.45234669505104,0.2087912087912088,0.0,0.7912087912087912,0.7788051985874987,1,0.934065934065934,2.2643960817675124,9.084195079112137,2575.340348159074,5832.773967524168,765.1916844658194,233.89722583093155,0.2197802197802197,20,0.001414266458008,0.2839564600054336,2019/03/06 5:10:59 PM UTC+2,201903061610,22,man,"Nancy, France",french,Native/bilingual,A levels,1,4,4,2,4,No,0,Never,group,unlimited,Normal vision,2,1,4,5,0,0,1,0,0,0,1,0,1,0,0,0,1,0,0,1,2019/03/06 6:36:02 PM UTC+2,Low level,No involvement,rarely or never,No,Yes,No,5,5,3,1,3,5,4,4,5,5,1,4,2,1,2,5,"Sauvetage de Saint-Sébastien, oeuvres de Rubens, et plus généralement des anecdotes ou l'histoire de l'antiquité.","Mausolée de Ninette (Claude Michel), exposition de chaises au RDC",Rien,"Rescue of San Sebastian, works by Rubens, and more generally anecdotes or the history of antiquity.","Ninette's mausoleum (Claude Michel), chair exhibition on the ground floor",Nothing,0,0,0,0,0,0,0,0,1,0,0,0,0,1,0,1,0,1,1,0,1,1,0,1.0
201903081400,207.6205176751189,1443152.8383045692,282555.01348953205,3300738.02835025,0.1033755274261603,0.4324894514767932,2.7966082725768526,474,2062.0,30.17539128300728,105.0,41,61967.19118091839,0.0259162499941545,9.388503657894734,1.1930164888110666,0.2850433427144261,0.3143459915611814,5.493670886075949,0.0,0.3951749382522144,0.9999999999999704,0.2215189873417721,1.8385795022230675,11.937417752631996,0.7194092827004219,0.2468354430379747,0.0337552742616033,0.2476580436837775,5,0.9725738396624471,1.58564496122427,10.414273843660988,3730.644814047458,20314.271514203563,1214.4518603897525,57.39118217372591,0.080168776371308,100,0.0029773406411589,2.909796314173333,2019/03/08 3:12:10 PM UTC+2,201903081400,22,man,"Villers-les-Nancy, France",chinese,Advanced,BTEC Higher National Diploma,4,5,3,3,2,No,0,Never,group,unlimited,"Normal vision with visual correction device (glasses, lenses)",2,2,4,5,1,0,0,0,1,0,0,0,1,1,1,0,1,0,0,0,2019/03/08 4:03:23 PM UTC+2,General level,No involvement,A few times a year,Yes,Yes,No,5,5,3,1,4,0,0,0,0,0,4,5,4,2,1,3,Non,"Je n'ai pas compris les oeuvres ""fantômes"" sur les murs à certains endroits [certains tableaux ont été déplacés pour l'exposition des 20 ans]",Rien,Nothing,I didn't understand the “ghost” works on the walls in certain places [some paintings were moved for the 20th anniversary exhibition].,Nothing,0,0,0,0,0,1,1,1,0,0,1,0,1,0,0,1,0,0,1,0,0,0,0,1.0
201903081410,206.22048175401167,1445139.9635111806,282555.01348953205,3300738.02835025,0.1014799154334038,0.4312896405919662,2.741976352262748,473,2062.0,30.496374561185004,116.0,36,62625.16772734961,0.0247699432183223,10.100580749999985,1.0475266731024,0.4127102895472916,0.3805496828752642,5.452431289640592,0.0,0.389149746089706,0.9999999999999716,0.2198731501057082,1.833014943899272,11.891361894271729,0.7209302325581395,0.2473572938689217,0.0317124735729386,0.2460982276695177,5,0.9725158562367864,1.7232108941111928,9.829349576745066,3710.589527079872,21315.075628001487,1224.3393618758864,28.01119039620655,0.0887949260042283,128,0.0036682409138533,3.7245392821418655,2019/03/08 3:12:06 PM UTC+2,201903081410,29,man,"Villers-les-Nancy, France",chinese,Intermediary,"Master's Degree, MS/MSc",4,5,4,3,4,No,0,Never,group,unlimited,"Normal vision with visual correction device (glasses, lenses)",2,2,3,4,1,0,1,1,0,1,0,0,0,1,1,0,1,0,0,0,2019/03/08 4:06:06 PM UTC+2,Low level,No involvement,A few times a year,Yes,Yes,Yes but I did not use it during the visit,5,5,2,1,3,0,0,0,0,0,1,4,3,1,1,5,"Au XVe, les œuvres ont plus de détails et sont plus proches de la réalité que des tableaux comme Picasso que je ne comprends pas. Je préfère des tableaux avec beaucoup de détails. ","Je pensais que c'était un petit musée, j'ai été surpris par sa taille, ainsi que par la taille de certains tableaux, vraiment très grands.",Rien,"In the 15th century, works have more detail and are closer to reality than paintings like Picasso, which I don't understand. I prefer paintings with lots of detail. ","I thought it was a small museum, and was surprised by its size, as well as by the size of some of the paintings, which are really quite large.",Nothing,0,0,1,0,0,1,0,1,0,1,0,0,0,0,0,1,0,0,1,0,0,1,0,1.0
201903081610,158.60666239621892,1374264.3968713006,282555.01348953205,3300738.02835025,0.1926751592356688,0.3375796178343949,3.384614710674546,628,2186.0,29.5571830589672,97.0,31,64469.325521365216,0.0389472134794673,31.37314436734693,0.8508691674057403,0.7282767932104264,0.1990445859872611,6.562101910828026,0.0238853503184713,0.4851250392772906,0.9999999999999778,0.0748407643312101,1.5627921387203896,12.96197083478062,0.5748407643312102,0.3917197452229299,0.0334394904458598,0.3010821615258652,15,0.9792993630573248,1.8737298787206296,9.993700864642188,4297.567195118784,23108.45964972354,986.7852531039518,31.85074590236463,0.2022292993630573,106,0.002361764767703,2.9094236046776927,2019/03/08 5:08:36 PM UTC+2,201903081610,24,woman,"Nancy, France",french,Native/bilingual,"Master's Degree, MS/MSc",3,2,1,5,3,No,0,Never,group,unlimited,Normal vision,4,3,3,3,0,1,0,0,0,0,0,0,0,0,0,0,0,1,0,0,2019/03/08 6:03:50 PM UTC+2,General level,No involvement,A few times a year,No,No,No,4,4,5,1,2,0,0,0,0,0,2,3,4,3,2,4,Je n'avais jamais vu de tableaux de Friant,J'ai été intéressée par le tableau de l'homme fumant un narguilé (série de tableaux qui dépeint le voyage de l'artiste en Orient. Sinon c'est un peu étrange de dire qu'on est surpris dans un musée.,Rien,I'd never seen paintings by Friant.,"I was interested in the painting of the man smoking a hookah (a series of paintings depicting the artist's trip to the Orient. Otherwise, it's a bit strange to say you're surprised in a museum.",Nothing,0,0,1,1,0,1,0,0,0,0,0,0,0,0,1,1,0,0,0,0,0,0,0,0.0
201903091010,141.34724630845744,1346541.9574553194,282555.01348953205,3300738.02835025,0.0881057268722467,0.413215859030837,2.7656108428138144,1135,3768.0,14.566135246230312,69.0,54,54660.3331070345,0.0519631511983102,50.86080504347827,0.859872611451276,0.4067361915519978,0.3110132158590308,5.2837004405286345,0.039647577092511,0.4319593729578928,0.9999999999999732,0.3048458149779736,1.9529299960567612,12.0243580645959,0.5480176211453744,0.4290748898678414,0.0229074889867841,0.3100746373355032,16,0.9894273127753304,1.5645506531698488,10.315241466300616,3542.8353462664645,21046.15768482106,1252.812692977234,284.2401285617768,0.0748898678414096,125,0.0033737786936505,1.9904458598409167,2019/03/09 11:15:45 AM UTC+2,201903091010,22,man,"Nancy, France",french,Native/bilingual,"BA, BS/BSc",2,4,3,4,4,Yes,1,About a year ago,alone,120,"Normal vision with visual correction device (glasses, lenses)",3,2,2,3,1,0,0,1,0,0,0,0,1,0,1,0,0,0,0,1,2019/03/09 12:32:56 PM UTC+2,General level,No involvement,A few times a year,No,Yes,Yes but I did not use it during the visit,4,3,4,2,3,0,0,0,0,0,2,2,2,2,2,5,J'ai appris que la jade pouvait avoir plusieurs couleurs.,Il y avait une sculpture avec une fourrure de renard posée dessus.,Les lunettes d'eye-tracking font un peu mal aux oreilles.,I learned that jade can have many colors.,There was a sculpture with fox fur on it.,The eye-tracking glasses hurt my ears a bit.,1,0,1,0,0,1,1,1,0,1,0,0,0,0,0,0,0,0,1,0,0,1,1,1.0
201903091200,178.6001780924323,1295541.092484609,282555.01348953205,3300738.02835025,0.2057761732851985,0.4259927797833935,3.2078851183708514,277,2982.0,32.66631731765516,161.0,53,97118.97662139402,0.0624237524182482,6.259029809523789,1.0663983903205956,0.2739780566548709,0.1407942238267148,6.101083032490974,0.0,0.5649785103326397,0.9999999999999692,0.0469314079422382,1.4939078124213598,15.516766124786168,0.0722021660649819,0.0,0.927797833935018,0.8486078928444312,11,0.9530685920577616,1.6022797554506336,10.011552616117507,4263.545552302911,14090.959314185806,1213.3462131107262,49.52541271098261,0.148014440433213,79,0.0024389182395212,1.5895372233080576,2019/03/09 12:59:35 PM UTC+2,201903091200,30,woman,"Nancy, France",Lebanese,Intermediary,"Master's Degree, MS/MSc",4,5,3,5,5,No,0,Never,group,unlimited,Normal vision,1,1,2,3,0,1,0,0,0,0,0,0,1,0,1,0,1,0,0,0,2019/03/09 2:12:21 PM UTC+2,General level,No involvement,A few times a year,No,Yes,No,5,5,4,1,1,0,0,0,0,0,4,2,5,2,1,4,"tableaux de gens habillés en noir de ""Emile Friant"" [La Toussaint]", statue d'une vieille femme en bois au 1er étage,J'ai apprécié tous les tableaux d'Emile Friant car c'est très réaliste.,paintings of people dressed in black by “Emile Friant” [La Toussaint].,wooden statue of an old woman on the 1st floor ,I enjoyed all the Emile Friant paintings because they're so realistic.,1,0,1,0,0,0,1,1,0,0,1,0,0,0,1,1,0,0,0,0,0,1,0,0.0
201903091210,176.66176960315448,1308732.0242865395,282555.01348953205,3300738.02835025,0.2043010752688172,0.4910394265232975,2.725759837555425,279,2990.0,31.855418959723504,140.0,52,94979.85081576787,0.033465613612156,8.279946111111132,1.043478260848626,0.3314286605943977,0.4014336917562724,5.684587813620071,0.0,0.5462302900481678,0.9999999999999676,0.075268817204301,1.4786146066088552,15.048895245864797,0.1003584229390681,0.0,0.899641577060932,0.8253269560422435,12,0.956989247311828,1.7332616652917407,9.91063120569796,4024.1264836084697,14041.370035842156,1344.31972157212,209.1250584260214,0.1111111111111111,61,0.001971314211961,1.224080267533965,2019/03/09 12:59:32 PM UTC+2,201903091210,19,man,"Vandoeuvre-les-Nancy, France",Lebanese,Advanced,A levels,2,4,3,4,4,No,0,Never,group,unlimited,"Normal vision with visual correction device (glasses, lenses)",1,1,3,4,0,1,0,0,0,0,0,0,1,0,0,1,0,0,0,0,2019/03/09 2:09:54 PM UTC+2,Low level,No involvement,A few times a year,No,Yes,No,3,5,3,1,2,0,0,0,0,0,4,2,3,2,1,3,"Il y avait un tableau de Picasso montrant des visages avec différents angles, réalisé deux ans avant sa mort. ça représente l'amour (deux visages : un homme et une femme)","Il y avait une collection marocaine qui m'a plu, ainsi qu'une collection chinoise",Rien,"There was a painting by Picasso showing faces from different angles, done two years before his death. It represents love (two faces: a man and a woman).","There was a Moroccan collection that I liked, as well as a Chinese collection",Nothing,0,0,1,0,0,0,1,1,0,0,1,0,1,0,1,1,0,0,1,0,0,0,0,1.0
201903091410,178.02812703411507,1471178.5341049342,282555.01348953205,3300738.02835025,0.1121951219512195,0.474390243902439,3.452372430780094,820,4214.0,19.449642575016405,135.0,70,81715.29828917944,0.0378253161169196,18.64330872727275,0.9966777408495964,0.1377327647019015,0.2060975609756097,6.020731707317073,0.0,0.349957491322487,0.999999999999978,0.0621951219512195,1.5320118757789016,10.301808450031064,0.7975609756097561,0.0,0.2024390243902439,0.30364638197877,16,0.9829268292682928,1.8347749098124857,10.58402371783003,4020.893656966192,29677.20369235094,1083.5267547774883,20.50417305777549,0.2256097560975609,105,0.0022998953715012,1.4950166112743946,2019/03/09 3:17:05 PM UTC+2,201903091410,45,woman,"Maron, France",french,Advanced,PhD,3,2,3,3,5,Yes,10,A few weeks ago,group,60,Normal vision,1,1,4,5,0,1,0,0,0,0,0,1,0,0,1,0,0,0,0,0,2019/03/09 4:36:01 PM UTC+2,General level,Professional/Artist,A few times a year,No,No,No,5,5,3,1,1,0,0,0,0,0,1,4,1,2,3,4,Il y a une sculpture de Rodin,Rien,Rien,There's a Rodin sculpture,Nothing,Nothing,1,1,1,1,0,1,1,1,0,1,0,0,0,0,0,1,0,0,0,0,0,0,1,0.0
201903091600,205.150399667536,1983076.4219133584,323760.68074737914,3300738.02835025,0.0140845070422535,0.6408450704225352,4.378491241036898,284,2400.0,30.76509906157523,119.0,45,73774.6501236339,0.0114338313302699,12.428927400000038,1.1249999999718752,0.3123770108669916,0.204225352112676,5.186619718309859,0.0,0.4683997045681541,0.9999999999999566,0.0633802816901408,1.4133676092243572,5.466390132266539,0.5528169014084507,0.0,0.4471830985915493,0.4596390845070422,5,0.9683098591549296,2.613727866141068,10.409073583866384,2997.7026294699067,12263.001022967734,1135.5393899109893,39.20353091131352,0.130281690140845,49,0.0021241468077325,1.224999999969375,2019/03/09 5:04:28 PM UTC+2,201903091600,50,woman,"Nancy, France",french,Native/bilingual,"Master's Degree, MS/MSc",1,3,4,5,5,Yes,100,Several months ago,alone,unlimited,Normal vision,1,2,4,5,0,1,0,0,0,0,1,0,1,0,1,0,0,0,0,1,2019/03/09 5:54:41 PM UTC+2,General level,No involvement,One or more times a month,No,No,Yes but I did not use it during the visit,5,5,1,1,1,0,0,0,0,0,1,4,1,1,1,4,J'oublie à chaque fois les dates et je les redécouvre pendant la visite (surtout dans les reproductions religieuses du XVIIIème que je ne sais jamais).,J'ai aimé les fantômes des tableaux à l'occasion de l'exposition des 20 ans.,Rien,"I keep forgetting the dates and rediscovering them during the visit (especially in the 18th century religious reproductions, which I never know).",I loved the ghosts of the paintings at the 20th anniversary exhibition. ,Nothing,0,0,1,1,0,1,1,1,0,0,1,0,0,0,0,0,0,1,0,0,0,0,0,0.0
201903111400,188.67880209033868,1236709.2652387116,282555.01348953205,3300738.02835025,0.2092257001647446,0.2850082372322899,2.921395460289436,607,3588.0,33.08266866948699,224.0,50,118636.25194664524,0.0249486399521418,14.197355854166654,0.8361204013238108,0.5148838517199703,0.2257001647446458,6.303130148270181,0.0,0.4128711855414149,0.9999999999999736,0.0906095551894563,1.5794003277740114,15.58974279679598,0.971993410214168,0.0,0.0280065897858319,0.1874424908949656,12,0.9785831960461284,1.4388933089935905,9.761657827270694,4380.278395827249,22097.633775910923,1152.6730239282667,79.32826660516801,0.0873146622734761,98,0.0026038364288425,1.638795986594669,2019/03/11 3:06:47 PM UTC+2,201903111400,60,man,"Nancy, France",french,Native/bilingual,"Master's Degree, MS/MSc",3,5,2,5,5,Yes,12,About a year ago,group,unlimited,"Normal vision with visual correction device (glasses, lenses)",1,1,3,4,1,1,1,1,0,0,1,0,1,1,1,1,1,0,1,0,2019/03/11 4:22:40 PM UTC+2,General level,No involvement,A few times a year,No,Yes,No,4,4,4,1,1,3,1,3,4,5,2,5,5,4,1,2,"Je suis déjà venu souvent dans ce musée et j'ai l'impression que certaines oeuvres ont été déplacées, je ne reconnaissais plus les emplacements. Du coup j'ai eu davantage l'impression que la scénographie insiste sur les périodes. Il n'y avait pas non plus de collection sur le mobilier à l'entrée la dernière fois que je suis venu [collection Prouvé]",Il y a un tableau dont je ne me souvenais pas du tout au 2ème étage représentant une jeune femme regardant fixement le spectateur.,"Avec les porteurs de lunettes, la gêne va grandissante. Au début on arrive à voir sans lunettes et la fatigue augmente pendant la visite. Du coup on est moins attentifs sur la fin de la visite.","I've been to this museum many times before, and I have the impression that some of the works have been moved, and that I no longer recognize their locations. As a result, I had the impression that the scenography emphasized the periods. Nor was there a furniture collection at the entrance the last time I was here [Prouvé collection].",There's a painting I didn't remember at all on the 2nd floor of a young woman staring at the viewer.,"If you wear glasses, the discomfort increases.At first, you can see without your glasses, but you get more tired during the visit.As a result, we're less attentive at the end of the visit.",1,1,1,1,0,1,0,1,0,0,1,0,1,0,1,1,0,0,0,0,1,0,0,1.0
201903181610,179.35191984576375,1337940.9267276304,323760.68074737914,3300738.02835025,0.2576687116564417,0.5306748466257669,3.1557980071580176,326,2890.0,24.64272417362217,110.0,58,71036.20115961113,0.0204071614085824,8.97769376923077,1.2041522491099486,0.4834826147495937,0.1993865030674846,5.613496932515337,0.0,0.5656805956411666,0.9999999999999668,0.0337423312883435,1.4724686008404209,16.65025509385546,0.058282208588957,0.0,0.941717791411043,0.8423694992251682,5,0.9631901840490796,1.6082517821667863,8.924797843849412,4321.890631814608,13104.710051006045,1354.9964721772503,49.710542710718926,0.0644171779141104,60,0.0019885342109898,1.2456747404585675,2019/03/18 5:07:17 PM UTC+2,201903181610,29,man,"Nancy, France",french,Native/bilingual,A levels,1,2,1,3,5,Yes,1,Several years ago,group,unlimited,Normal vision,4,1,4,5,0,0,1,1,0,0,0,0,1,0,0,0,0,0,0,1,2019/03/18 6:10:21 PM UTC+2,Low level,No involvement,rarely or never,No,Yes,No,5,5,1,1,3,4,5,2,5,5,1,3,3,3,5,2,Je n'imaginais pas qu'il y avait autant de format de peintures et des dimensions aussi grandes pour certaines toiles,"La sculpture en bois ""Misère"" ",Rien,"I had no idea that there were so many different sizes of painting, and that some canvases were so large.",The wooden sculpture Misère,Nothing,0,0,0,0,0,0,0,1,0,0,0,0,1,0,1,1,0,0,0,0,1,1,0,1.0
201903201010,139.46006599765448,1665971.3555259933,282555.01348953205,3300738.02835025,0.1191919191919192,0.5080808080808081,3.072837882412901,990,3628.0,16.034010381550782,71.0,55,58025.57408158322,0.050527474833136,20.26301163333336,0.9095920617269636,0.3269170219420631,0.3535353535353535,5.831313131313132,0.0767676767676767,0.3701636892978208,0.9999999999999754,0.0676767676767676,1.4864959053034763,8.786243203197412,0.6050505050505051,0.3797979797979798,0.0151515151515151,0.2794928335170892,13,0.985858585858586,1.9006118433955657,9.915142844350296,3680.964048360911,25499.150307576325,1097.190391152336,102.8603496911954,0.0757575757575757,82,0.0020254234691981,1.356119073847473,2019/03/20 11:28:23 AM UTC+2,201903201010,21,woman,"Nancy, France",french,Native/bilingual,A levels,4,3,2,3,3,Yes,5,A few weeks ago,group,unlimited,Normal vision,1,2,3,5,1,1,1,1,0,0,1,0,1,1,0,0,0,0,1,1,2019/03/20 12:46:40 PM UTC+2,General level,No involvement,A few times a year,No,Yes,Yes but I did not use it during the visit,5,5,4,2,3,4,4,4,4,4,3,4,5,4,4,5,"Les visages des personnages sur le tableau ""L'enterrement"" de Courbet (salle Friant). Il a représenté chaque personnage homme important à l'époque (le maire de Nancy, un botaniste et un architecte). Ce n'est pas un tableau qui représente une scène saisie sur l'instant. J'ai également trouvé impressionnant la version animée du tableau de Friant. Ils ont filmé avec de vraies personnes pour reproduire le tableau.",Le beau fauteuil dans la chambre de la résidence étudiante fait par Prouvé,J'ai aimé pouvoir toucher la reproduction en marbre des amoureux de Friant. C'est une matière froide et assez sensuelle donc c'est agréable à toucher et doux et ça change dans un musée où on n'a d'habitude pas le droit de toucher.,"The faces of the characters in Courbet's painting “L'enterrement” (salle Friant). He depicted every important man of the time (the mayor of Nancy, a botanist and an architect). It's not a painting that represents a scene captured in the moment. I was also impressed by the animated version of Friant's painting. They filmed with real people to reproduce the painting.","The beautiful armchair in the student residence room, made by Prouvé.","I liked being able to touch the marble reproduction of Friant's lovers. It's a cold and rather sensual material, so it's nice and soft to touch, and makes a nice change in a museum where you're not usually allowed to touch.",0,1,1,1,0,1,1,1,0,0,1,1,0,0,1,1,0,1,1,0,1,1,0,0.0
201903201020,132.0712599201389,1692424.041519064,282555.01348953205,3300738.02835025,0.1039354187689202,0.5327951564076691,2.964414071659603,991,3632.0,16.18825114031049,90.0,58,58582.53836363254,0.1177850504838531,13.806519022222243,0.9581497797198544,0.3289172252440278,0.3178607467204843,5.790110998990918,0.1019172552976791,0.3790567565817566,0.9999999999999744,0.0575176589303733,1.448078700047009,7.728359610530146,0.6054490413723511,0.3794147325933401,0.0151362260343087,0.2794617415772792,5,0.9868819374369324,1.6259659470933128,12.636488637027709,3732.724114132245,24256.104816581028,1157.0714634219653,53.423113234195824,0.0585267406659939,81,0.0020735564550534,1.3381057268501415,2019/03/20 11:28:21 AM UTC+2,201903201020,50,woman,"Nancy, France",french,Native/bilingual,"Master's Degree, MS/MSc",5,5,5,1,5,Yes,5,Several months ago,group,unlimited,Amblyopia,1,1,5,5,0,1,0,0,0,0,1,0,1,0,1,0,0,0,1,0,2019/03/20 12:46:38 PM UTC+2,Art lover,Art teacher,A few times a year,No,Yes,No,4,5,4,1,2,5,1,5,5,1,5,1,1,4,1,5,La famille Bastien-Lepage car mon école est Rue Bastien-Lepage et je ne savais pas que c'était un artiste. Il y a un artiste dans la famille et un physicien. J'ai découvert une famille qui me touche.,"J'adore la salle avec les miroirs [Infinite Mirror Room] et j'ai été amusée et intriguée par le mobilier Jean Prouvé. Pour l'époque c'était bien. Je l'ai découvert, il avait de bonnes idées, il était précurseur.",Rien,The Bastien-Lepage family because my school is Rue Bastien-Lepage and I didn't know he was an artist.There's an artist in the family and a physicist. I've discovered a family that touches me.,"I love the Infinite Mirror Room and I was amused and intrigued by the Jean Prouvé furniture. It was good for the time. I discovered him, he had good ideas, he was a precursor.",Nothing,1,1,1,1,1,1,1,1,0,0,1,1,1,0,0,1,0,0,1,0,1,0,0,0.0
201903211400,191.3160023200556,886180.0096228324,282555.01348953205,3300738.02835025,0.5769230769230769,0.2287968441814595,3.7434401979296377,1014,3188.0,30.33672713206904,85.0,29,96548.18485025287,0.2403740914980652,10.19151775999999,0.5457967377563526,0.0864299710877673,0.2061143984220907,4.785996055226825,0.019723865877712,0.5200405988810624,0.9999999999999802,0.0848126232741617,1.5550869838314485,8.31453757296262,0.519723865877712,0.4546351084812623,0.0256410256410256,0.3271000225203487,34,0.985207100591716,1.569999873350979,10.635020623645609,4259.403081884428,24164.024548123693,965.9091321228308,50.827306859209095,0.0384615384615384,118,0.0023437821468538,2.220828105353435,2019/03/21 5:35:09 PM UTC+2,201903211400,19,man,"Wald-Michelbach, Germany",german,Do not know,A levels,3,3,3,2,3,No,0,Never,group,90,Normal vision,2,1,4,4,1,0,0,0,0,0,0,0,0,1,1,0,0,1,0,0,2019/03/21 6:45:02 PM UTC+2,Art lover,No involvement,A few times a year,No,No,No,4,4,2,2,3,0,0,0,0,0,3,4,3,2,2,0,les expositions à thème plus sombre,la quantité d'œuvres d'art en verre,Rien,the darker themed exhibits,the amount of glass art,Nothing,1,1,0,0,0,1,1,1,0,0,0,0,0,0,1,0,0,0,1,0,0,0,1,1.0
201903211410,175.37602351848523,946031.9715925228,323760.68074737914,3300738.02835025,0.5382231404958677,0.2283057851239669,3.5446624154986863,968,3116.0,30.6751098669646,86.0,21,95534.77146279025,0.2061276635295502,7.34778590000001,0.4043645699537029,0.0971027080457389,0.149793388429752,4.746900826446281,0.018595041322314,0.5412218430636705,0.9999999999999808,0.0557851239669421,1.5190404623308584,6.579393463108293,0.5320247933884298,0.399793388429752,0.0681818181818181,0.3361973392461197,25,0.9855371900826446,1.4279367405534598,10.624347886687636,4215.036681335333,23689.9163521144,895.826269654004,35.00604676201522,0.0433884297520661,92,0.0017816690363439,1.7715019255114604,2019/03/21 5:34:53 PM UTC+2,201903211410,21,woman,"Caldwell, United States",American,Do not know,A levels,1,3,3,2,5,No,0,Never,group,90,Normal vision,2,5,1,5,0,1,0,1,0,0,1,0,1,0,1,0,1,1,0,0,2019/03/21 6:43:52 PM UTC+2,General level,Art student,A few times a year,No,Yes,No,5,5,1,1,1,3,5,5,5,5,1,1,1,1,1,0,Rien,La salle éclairée,Très belle visite et j'ai particulièrement aimé le verre,No,The room with lights,Very nice tour and i especially liked the glass,1,1,0,1,0,1,1,1,0,0,1,0,0,0,0,1,0,0,1,0,1,0,1,0.0
